Date,Mood
2024-10-01,Happy
2024-10-02,Sad
2024-10-03,Excited
2024-10-04,Anxious
2024-10-05,Relaxed
2024-10-06,Angry
2024-10-07,Neutral
2024-10-08,Happy
2024-10-09,Sad
2024-10-10,Neutral
2024-10-11,Anxious
2024-10-12,Relaxed
2024-10-13,Happy
2024-10-14,Sad
2024-10-15,Angry
2024-10-16,Neutral
2024-10-17,Excited
2024-10-18,Neutral
2024-10-19,Relaxed
2024-10-20,Happy
2024-10-21,Sad
2024-10-22,Angry
2024-10-23,Neutral
2024-10-24,Neutral
2024-10-25,Anxious
2024-10-26,Relaxed
2024-10-27,Happy
2024-10-28,Sad
2024-10-29,Angry
2024-10-30,Neutral
2024-10-31,Excited
2025-03-23,Excited

2025-03-23,Excited

2025-03-23,Angry

2025-03-23,Angry

